date,bitcoin_unscaled,bitcoin_monthly,isPartial,scale,bitcoin
2017-01-01,52,7.0,False,0.07,3.6400000000000006
2017-01-02,81,7.0,,0.07,5.670000000000001
2017-01-03,66,7.0,,0.07,4.62
2017-01-04,87,7.0,,0.07,6.090000000000001
2017-01-05,100,7.0,,0.07,7.000000000000001
2017-01-06,83,7.0,,0.07,5.8100000000000005
2017-01-07,74,7.0,,0.07,5.180000000000001
2017-01-08,65,5.0,False,0.05,3.25
2017-01-09,61,5.0,,0.05,3.0500000000000003
2017-01-10,58,5.0,,0.05,2.9000000000000004
2017-01-11,63,5.0,,0.05,3.1500000000000004
2017-01-12,64,5.0,,0.05,3.2
2017-01-13,60,5.0,,0.05,3.0
2017-01-14,46,5.0,,0.05,2.3000000000000003
2017-01-15,46,4.0,False,0.04,1.84
2017-01-16,49,4.0,,0.04,1.96
2017-01-17,52,4.0,,0.04,2.08
2017-01-18,48,4.0,,0.04,1.92
2017-01-19,45,4.0,,0.04,1.8
2017-01-20,43,4.0,,0.04,1.72
2017-01-21,41,4.0,,0.04,1.6400000000000001
2017-01-22,45,4.0,False,0.04,1.8
2017-01-23,45,4.0,,0.04,1.8
2017-01-24,44,4.0,,0.04,1.76
2017-01-25,43,4.0,,0.04,1.72
2017-01-26,49,4.0,,0.04,1.96
2017-01-27,43,4.0,,0.04,1.72
2017-01-28,43,4.0,,0.04,1.72
2017-01-29,44,4.0,False,0.04,1.76
2017-01-30,43,4.0,,0.04,1.72
2017-01-31,44,4.0,,0.04,1.76
2017-02-01,69,4.0,,0.04,2.7600000000000002
2017-02-02,73,4.0,,0.04,2.92
2017-02-03,71,4.0,,0.04,2.84
2017-02-04,68,4.0,,0.04,2.72
2017-02-05,65,5.0,False,0.05,3.25
2017-02-06,68,5.0,,0.05,3.4000000000000004
2017-02-07,80,5.0,,0.05,4.0
2017-02-08,70,5.0,,0.05,3.5
2017-02-09,85,5.0,,0.05,4.25
2017-02-10,72,5.0,,0.05,3.6
2017-02-11,67,5.0,,0.05,3.35
2017-02-12,63,4.0,False,0.04,2.52
2017-02-13,64,4.0,,0.04,2.56
2017-02-14,62,4.0,,0.04,2.48
2017-02-15,68,4.0,,0.04,2.72
2017-02-16,70,4.0,,0.04,2.8000000000000003
2017-02-17,69,4.0,,0.04,2.7600000000000002
2017-02-18,70,4.0,,0.04,2.8000000000000003
2017-02-19,64,5.0,False,0.05,3.2
2017-02-20,68,5.0,,0.05,3.4000000000000004
2017-02-21,79,5.0,,0.05,3.95
2017-02-22,74,5.0,,0.05,3.7
2017-02-23,91,5.0,,0.05,4.55
2017-02-24,100,5.0,,0.05,5.0
2017-02-25,87,5.0,,0.05,4.3500000000000005
2017-02-26,77,6.0,False,0.06,4.62
2017-02-27,86,6.0,,0.06,5.16
2017-02-28,76,6.0,,0.06,4.56
2017-03-01,58,6.0,,0.06,3.48
2017-03-02,73,6.0,,0.06,4.38
2017-03-03,93,6.0,,0.06,5.58
2017-03-04,75,6.0,,0.06,4.5
2017-03-05,59,7.0,False,0.07,4.130000000000001
2017-03-06,64,7.0,,0.07,4.48
2017-03-07,69,7.0,,0.07,4.83
2017-03-08,75,7.0,,0.07,5.250000000000001
2017-03-09,73,7.0,,0.07,5.11
2017-03-10,100,7.0,,0.07,7.000000000000001
2017-03-11,73,7.0,,0.07,5.11
2017-03-12,55,5.0,False,0.05,2.75
2017-03-13,63,5.0,,0.05,3.1500000000000004
2017-03-14,57,5.0,,0.05,2.85
2017-03-15,60,5.0,,0.05,3.0
2017-03-16,59,5.0,,0.05,2.95
2017-03-17,66,5.0,,0.05,3.3000000000000003
2017-03-18,70,5.0,,0.05,3.5
2017-03-19,67,5.0,False,0.05,3.35
2017-03-20,64,5.0,,0.05,3.2
2017-03-21,59,5.0,,0.05,2.95
2017-03-22,60,5.0,,0.05,3.0
2017-03-23,58,5.0,,0.05,2.9000000000000004
2017-03-24,66,5.0,,0.05,3.3000000000000003
2017-03-25,62,5.0,,0.05,3.1
2017-03-26,52,5.0,False,0.05,2.6
2017-03-27,60,5.0,,0.05,3.0
2017-03-28,55,5.0,,0.05,2.75
2017-03-29,54,5.0,,0.05,2.7
2017-03-30,53,5.0,,0.05,2.6500000000000004
2017-03-31,49,5.0,,0.05,2.45
2017-04-01,84,5.0,,0.05,4.2
2017-04-02,80,5.0,False,0.05,4.0
2017-04-03,87,5.0,,0.05,4.3500000000000005
2017-04-04,90,5.0,,0.05,4.5
2017-04-05,88,5.0,,0.05,4.4
2017-04-06,94,5.0,,0.05,4.7
2017-04-07,78,5.0,,0.05,3.9000000000000004
2017-04-08,76,5.0,,0.05,3.8000000000000003
2017-04-09,85,5.0,False,0.05,4.25
2017-04-10,82,5.0,,0.05,4.1000000000000005
2017-04-11,89,5.0,,0.05,4.45
2017-04-12,83,5.0,,0.05,4.15
2017-04-13,92,5.0,,0.05,4.6000000000000005
2017-04-14,80,5.0,,0.05,4.0
2017-04-15,80,5.0,,0.05,4.0
2017-04-16,77,4.0,False,0.04,3.08
2017-04-17,84,4.0,,0.04,3.36
2017-04-18,89,4.0,,0.04,3.56
2017-04-19,84,4.0,,0.04,3.36
2017-04-20,78,4.0,,0.04,3.12
2017-04-21,83,4.0,,0.04,3.3200000000000003
2017-04-22,84,4.0,,0.04,3.36
2017-04-23,87,5.0,False,0.05,4.3500000000000005
2017-04-24,84,5.0,,0.05,4.2
2017-04-25,92,5.0,,0.05,4.6000000000000005
2017-04-26,100,5.0,,0.05,5.0
2017-04-27,99,5.0,,0.05,4.95
2017-04-28,100,5.0,,0.05,5.0
2017-04-29,91,5.0,,0.05,4.55
2017-04-30,87,7.0,False,0.07,6.090000000000001
2017-05-01,26,7.0,,0.07,1.8200000000000003
2017-05-02,26,7.0,,0.07,1.8200000000000003
2017-05-03,25,7.0,,0.07,1.7500000000000002
2017-05-04,34,7.0,,0.07,2.3800000000000003
2017-05-05,32,7.0,,0.07,2.24
2017-05-06,25,7.0,,0.07,1.7500000000000002
2017-05-07,24,10.0,False,0.1,2.4000000000000004
2017-05-08,30,10.0,,0.1,3.0
2017-05-09,39,10.0,,0.1,3.9000000000000004
2017-05-10,34,10.0,,0.1,3.4000000000000004
2017-05-11,36,10.0,,0.1,3.6
2017-05-12,47,10.0,,0.1,4.7
2017-05-13,45,10.0,,0.1,4.5
2017-05-14,38,11.0,False,0.11,4.18
2017-05-15,51,11.0,,0.11,5.61
2017-05-16,47,11.0,,0.11,5.17
2017-05-17,40,11.0,,0.11,4.4
2017-05-18,36,11.0,,0.11,3.96
2017-05-19,41,11.0,,0.11,4.51
2017-05-20,41,11.0,,0.11,4.51
2017-05-21,41,19.0,False,0.19,7.79
2017-05-22,64,19.0,,0.19,12.16
2017-05-23,67,19.0,,0.19,12.73
2017-05-24,73,19.0,,0.19,13.870000000000001
2017-05-25,100,19.0,,0.19,19.0
2017-05-26,78,19.0,,0.19,14.82
2017-05-27,66,19.0,,0.19,12.540000000000001
2017-05-28,53,12.0,False,0.12,6.359999999999999
2017-05-29,49,12.0,,0.12,5.88
2017-05-30,48,12.0,,0.12,5.76
2017-05-31,47,12.0,,0.12,5.64
2017-06-01,81,12.0,,0.12,9.719999999999999
2017-06-02,68,12.0,,0.12,8.16
2017-06-03,70,12.0,,0.12,8.4
2017-06-04,61,12.0,False,0.12,7.319999999999999
2017-06-05,70,12.0,,0.12,8.4
2017-06-06,95,12.0,,0.12,11.4
2017-06-07,89,12.0,,0.12,10.68
2017-06-08,78,12.0,,0.12,9.36
2017-06-09,79,12.0,,0.12,9.48
2017-06-10,74,12.0,,0.12,8.879999999999999
2017-06-11,73,13.0,False,0.13,9.49
2017-06-12,100,13.0,,0.13,13.0
2017-06-13,87,13.0,,0.13,11.31
2017-06-14,84,13.0,,0.13,10.92
2017-06-15,94,13.0,,0.13,12.22
2017-06-16,84,13.0,,0.13,10.92
2017-06-17,72,13.0,,0.13,9.36
2017-06-18,64,10.0,False,0.1,6.4
2017-06-19,70,10.0,,0.1,7.0
2017-06-20,76,10.0,,0.1,7.6000000000000005
2017-06-21,74,10.0,,0.1,7.4
2017-06-22,69,10.0,,0.1,6.9
2017-06-23,68,10.0,,0.1,6.800000000000001
2017-06-24,70,10.0,,0.1,7.0
2017-06-25,60,11.0,False,0.11,6.6
2017-06-26,77,11.0,,0.11,8.47
2017-06-27,89,11.0,,0.11,9.790000000000001
2017-06-28,81,11.0,,0.11,8.91
2017-06-29,67,11.0,,0.11,7.37
2017-06-30,57,11.0,,0.11,6.2700000000000005
2017-07-01,69,11.0,,0.11,7.59
2017-07-02,72,9.0,False,0.09,6.4799999999999995
2017-07-03,70,9.0,,0.09,6.3
2017-07-04,77,9.0,,0.09,6.93
2017-07-05,74,9.0,,0.09,6.66
2017-07-06,75,9.0,,0.09,6.75
2017-07-07,69,9.0,,0.09,6.21
2017-07-08,64,9.0,,0.09,5.76
2017-07-09,69,10.0,False,0.1,6.9
2017-07-10,75,10.0,,0.1,7.5
2017-07-11,83,10.0,,0.1,8.3
2017-07-12,83,10.0,,0.1,8.3
2017-07-13,78,10.0,,0.1,7.800000000000001
2017-07-14,79,10.0,,0.1,7.9
2017-07-15,86,10.0,,0.1,8.6
2017-07-16,94,12.0,False,0.12,11.28
2017-07-17,100,12.0,,0.12,12.0
2017-07-18,90,12.0,,0.12,10.799999999999999
2017-07-19,86,12.0,,0.12,10.32
2017-07-20,94,12.0,,0.12,11.28
2017-07-21,99,12.0,,0.12,11.879999999999999
2017-07-22,82,12.0,,0.12,9.84
2017-07-23,81,11.0,False,0.11,8.91
2017-07-24,77,11.0,,0.11,8.47
2017-07-25,91,11.0,,0.11,10.01
2017-07-26,85,11.0,,0.11,9.35
2017-07-27,84,11.0,,0.11,9.24
2017-07-28,95,11.0,,0.11,10.45
2017-07-29,79,11.0,,0.11,8.69
2017-07-30,78,15.0,False,0.15,11.7
2017-07-31,100,15.0,,0.15,15.0
2017-08-01,89,15.0,,0.15,13.35
2017-08-02,78,15.0,,0.15,11.7
2017-08-03,57,15.0,,0.15,8.549999999999999
2017-08-04,51,15.0,,0.15,7.6499999999999995
2017-08-05,62,15.0,,0.15,9.299999999999999
2017-08-06,52,14.0,False,0.14,7.280000000000001
2017-08-07,61,14.0,,0.14,8.540000000000001
2017-08-08,65,14.0,,0.14,9.100000000000001
2017-08-09,57,14.0,,0.14,7.98
2017-08-10,53,14.0,,0.14,7.420000000000001
2017-08-11,58,14.0,,0.14,8.120000000000001
2017-08-12,65,14.0,,0.14,9.100000000000001
2017-08-13,84,19.0,False,0.19,15.96
2017-08-14,92,19.0,,0.19,17.48
2017-08-15,100,19.0,,0.19,19.0
2017-08-16,80,19.0,,0.19,15.2
2017-08-17,77,19.0,,0.19,14.63
2017-08-18,77,19.0,,0.19,14.63
2017-08-19,72,19.0,,0.19,13.68
2017-08-20,65,16.0,False,0.16,10.4
2017-08-21,68,16.0,,0.16,10.88
2017-08-22,74,16.0,,0.16,11.84
2017-08-23,68,16.0,,0.16,10.88
2017-08-24,67,16.0,,0.16,10.72
2017-08-25,69,16.0,,0.16,11.040000000000001
2017-08-26,59,16.0,,0.16,9.44
2017-08-27,54,17.0,False,0.17,9.180000000000001
2017-08-28,60,17.0,,0.17,10.200000000000001
2017-08-29,70,17.0,,0.17,11.9
2017-08-30,72,17.0,,0.17,12.24
2017-08-31,79,17.0,,0.17,13.430000000000001
2017-09-01,67,17.0,,0.17,11.39
2017-09-02,64,17.0,,0.17,10.88
2017-09-03,57,18.0,False,0.18,10.26
2017-09-04,71,18.0,,0.18,12.78
2017-09-05,68,18.0,,0.18,12.24
2017-09-06,60,18.0,,0.18,10.799999999999999
2017-09-07,55,18.0,,0.18,9.9
2017-09-08,63,18.0,,0.18,11.34
2017-09-09,50,18.0,,0.18,9.0
2017-09-10,49,20.0,False,0.2,9.8
2017-09-11,56,20.0,,0.2,11.200000000000001
2017-09-12,55,20.0,,0.2,11.0
2017-09-13,73,20.0,,0.2,14.600000000000001
2017-09-14,88,20.0,,0.2,17.6
2017-09-15,100,20.0,,0.2,20.0
2017-09-16,68,20.0,,0.2,13.600000000000001
2017-09-17,55,15.0,False,0.15,8.25
2017-09-18,60,15.0,,0.15,9.0
2017-09-19,56,15.0,,0.15,8.4
2017-09-20,50,15.0,,0.15,7.5
2017-09-21,50,15.0,,0.15,7.5
2017-09-22,51,15.0,,0.15,7.6499999999999995
2017-09-23,40,15.0,,0.15,6.0
2017-09-24,38,13.0,False,0.13,4.94
2017-09-25,42,13.0,,0.13,5.46
2017-09-26,41,13.0,,0.13,5.33
2017-09-27,46,13.0,,0.13,5.98
2017-09-28,45,13.0,,0.13,5.8500000000000005
2017-09-29,45,13.0,,0.13,5.8500000000000005
2017-09-30,40,13.0,,0.13,5.2
2017-10-01,40,12.0,False,0.12,4.8
2017-10-02,45,12.0,,0.12,5.3999999999999995
2017-10-03,45,12.0,,0.12,5.3999999999999995
2017-10-04,45,12.0,,0.12,5.3999999999999995
2017-10-05,43,12.0,,0.12,5.16
2017-10-06,42,12.0,,0.12,5.04
2017-10-07,39,12.0,,0.12,4.68
2017-10-08,44,18.0,False,0.18,7.92
2017-10-09,50,18.0,,0.18,9.0
2017-10-10,52,18.0,,0.18,9.36
2017-10-11,53,18.0,,0.18,9.54
2017-10-12,84,18.0,,0.18,15.12
2017-10-13,100,18.0,,0.18,18.0
2017-10-14,77,18.0,,0.18,13.86
2017-10-15,66,19.0,False,0.19,12.540000000000001
2017-10-16,69,19.0,,0.19,13.11
2017-10-17,65,19.0,,0.19,12.35
2017-10-18,67,19.0,,0.19,12.73
2017-10-19,62,19.0,,0.19,11.78
2017-10-20,72,19.0,,0.19,13.68
2017-10-21,83,19.0,,0.19,15.77
2017-10-22,67,21.0,False,0.21,14.07
2017-10-23,79,21.0,,0.21,16.59
2017-10-24,85,21.0,,0.21,17.849999999999998
2017-10-25,75,21.0,,0.21,15.75
2017-10-26,71,21.0,,0.21,14.91
2017-10-27,71,21.0,,0.21,14.91
2017-10-28,59,21.0,,0.21,12.389999999999999
2017-10-29,61,27.0,False,0.27,16.470000000000002
2017-10-30,70,27.0,,0.27,18.900000000000002
2017-10-31,83,27.0,,0.27,22.41
2017-11-01,31,27.0,,0.27,8.370000000000001
2017-11-02,40,27.0,,0.27,10.8
2017-11-03,35,27.0,,0.27,9.450000000000001
2017-11-04,28,27.0,,0.27,7.5600000000000005
2017-11-05,27,28.0,False,0.28,7.5600000000000005
2017-11-06,29,28.0,,0.28,8.120000000000001
2017-11-07,27,28.0,,0.28,7.5600000000000005
2017-11-08,30,28.0,,0.28,8.4
2017-11-09,29,28.0,,0.28,8.120000000000001
2017-11-10,33,28.0,,0.28,9.24
2017-11-11,32,28.0,,0.28,8.96
2017-11-12,42,31.0,False,0.31,13.02
2017-11-13,36,31.0,,0.31,11.16
2017-11-14,27,31.0,,0.31,8.37
2017-11-15,29,31.0,,0.31,8.99
2017-11-16,29,31.0,,0.31,8.99
2017-11-17,32,31.0,,0.31,9.92
2017-11-18,26,31.0,,0.31,8.06
2017-11-19,25,27.0,False,0.27,6.75
2017-11-20,30,27.0,,0.27,8.100000000000001
2017-11-21,33,27.0,,0.27,8.91
2017-11-22,29,27.0,,0.27,7.83
2017-11-23,25,27.0,,0.27,6.75
2017-11-24,26,27.0,,0.27,7.0200000000000005
2017-11-25,26,27.0,,0.27,7.0200000000000005
2017-11-26,39,65.0,False,0.65,25.35
2017-11-27,56,65.0,,0.65,36.4
2017-11-28,64,65.0,,0.65,41.6
2017-11-29,100,65.0,,0.65,65.0
2017-11-30,86,65.0,,0.65,55.9
2017-12-01,39,65.0,,0.65,25.35
2017-12-02,29,65.0,,0.65,18.85
2017-12-03,29,89.0,False,0.89,25.81
2017-12-04,35,89.0,,0.89,31.150000000000002
2017-12-05,35,89.0,,0.89,31.150000000000002
2017-12-06,49,89.0,,0.89,43.61
2017-12-07,97,89.0,,0.89,86.33
2017-12-08,88,89.0,,0.89,78.32000000000001
2017-12-09,56,89.0,,0.89,49.84
2017-12-10,56,83.0,False,0.83,46.48
2017-12-11,61,83.0,,0.83,50.629999999999995
2017-12-12,62,83.0,,0.83,51.46
2017-12-13,52,83.0,,0.83,43.16
2017-12-14,46,83.0,,0.83,38.18
2017-12-15,42,83.0,,0.83,34.86
2017-12-16,43,83.0,,0.83,35.69
2017-12-17,47,100.0,False,1.0,47.0
2017-12-18,47,100.0,,1.0,47.0
2017-12-19,51,100.0,,1.0,51.0
2017-12-20,69,100.0,,1.0,69.0
2017-12-21,53,100.0,,1.0,53.0
2017-12-22,100,100.0,,1.0,100.0
2017-12-23,61,100.0,,1.0,61.0
2017-12-24,49,60.0,False,0.6,29.4
2017-12-25,42,60.0,,0.6,25.2
2017-12-26,41,60.0,,0.6,24.599999999999998
2017-12-27,38,60.0,,0.6,22.8
2017-12-28,39,60.0,,0.6,23.4
2017-12-29,34,60.0,,0.6,20.4
2017-12-30,32,60.0,,0.6,19.2
2017-12-31,28,46.0,False,0.46,12.88
2018-01-01,43,46.0,,0.46,19.78
2018-01-02,53,46.0,,0.46,24.380000000000003
2018-01-03,55,46.0,,0.46,25.3
2018-01-04,52,46.0,,0.46,23.92
2018-01-05,50,46.0,,0.46,23.0
2018-01-06,45,46.0,,0.46,20.7
2018-01-07,44,45.0,False,0.45,19.8
2018-01-08,48,45.0,,0.45,21.6
2018-01-09,48,45.0,,0.45,21.6
2018-01-10,49,45.0,,0.45,22.05
2018-01-11,55,45.0,,0.45,24.75
2018-01-12,47,45.0,,0.45,21.150000000000002
2018-01-13,40,45.0,,0.45,18.0
2018-01-14,38,56.0,False,0.56,21.28
2018-01-15,36,56.0,,0.56,20.160000000000004
2018-01-16,76,56.0,,0.56,42.56
2018-01-17,100,56.0,,0.56,56.00000000000001
2018-01-18,70,56.0,,0.56,39.2
2018-01-19,50,56.0,,0.56,28.000000000000004
2018-01-20,40,56.0,,0.56,22.400000000000002
2018-01-21,40,37.0,False,0.37,14.8
2018-01-22,45,37.0,,0.37,16.65
2018-01-23,44,37.0,,0.37,16.28
2018-01-24,38,37.0,,0.37,14.06
2018-01-25,38,37.0,,0.37,14.06
2018-01-26,39,37.0,,0.37,14.43
2018-01-27,32,37.0,,0.37,11.84
2018-01-28,31,39.0,False,0.39,12.09
2018-01-29,33,39.0,,0.39,12.870000000000001
2018-01-30,36,39.0,,0.39,14.040000000000001
2018-01-31,37,39.0,,0.39,14.43
2018-02-01,61,39.0,,0.39,23.79
2018-02-02,80,39.0,,0.39,31.200000000000003
2018-02-03,53,39.0,,0.39,20.67
2018-02-04,46,45.0,False,0.45,20.7
2018-02-05,78,45.0,,0.45,35.1
2018-02-06,100,45.0,,0.45,45.0
2018-02-07,63,45.0,,0.45,28.35
2018-02-08,53,45.0,,0.45,23.85
2018-02-09,47,45.0,,0.45,21.150000000000002
2018-02-10,38,45.0,,0.45,17.1
2018-02-11,34,27.0,False,0.27,9.18
2018-02-12,38,27.0,,0.27,10.260000000000002
2018-02-13,34,27.0,,0.27,9.18
2018-02-14,35,27.0,,0.27,9.450000000000001
2018-02-15,38,27.0,,0.27,10.260000000000002
2018-02-16,34,27.0,,0.27,9.18
2018-02-17,31,27.0,,0.27,8.370000000000001
2018-02-18,35,24.0,False,0.24,8.4
2018-02-19,30,24.0,,0.24,7.199999999999999
2018-02-20,35,24.0,,0.24,8.4
2018-02-21,35,24.0,,0.24,8.4
2018-02-22,32,24.0,,0.24,7.68
2018-02-23,27,24.0,,0.24,6.4799999999999995
2018-02-24,25,24.0,,0.24,6.0
2018-02-25,24,19.0,False,0.19,4.5600000000000005
2018-02-26,26,19.0,,0.19,4.94
2018-02-27,27,19.0,,0.19,5.13
2018-02-28,27,19.0,,0.19,5.13
2018-03-01,77,19.0,,0.19,14.63
2018-03-02,77,19.0,,0.19,14.63
2018-03-03,72,19.0,,0.19,13.68
2018-03-04,65,18.0,False,0.18,11.7
2018-03-05,75,18.0,,0.18,13.5
2018-03-06,78,18.0,,0.18,14.04
2018-03-07,86,18.0,,0.18,15.479999999999999
2018-03-08,83,18.0,,0.18,14.94
2018-03-09,94,18.0,,0.18,16.919999999999998
2018-03-10,71,18.0,,0.18,12.78
2018-03-11,70,19.0,False,0.19,13.3
2018-03-12,74,19.0,,0.19,14.06
2018-03-13,71,19.0,,0.19,13.49
2018-03-14,84,19.0,,0.19,15.96
2018-03-15,100,19.0,,0.19,19.0
2018-03-16,80,19.0,,0.19,15.2
2018-03-17,73,19.0,,0.19,13.870000000000001
2018-03-18,87,18.0,False,0.18,15.66
2018-03-19,83,18.0,,0.18,14.94
2018-03-20,74,18.0,,0.18,13.32
2018-03-21,75,18.0,,0.18,13.5
2018-03-22,71,18.0,,0.18,12.78
2018-03-23,69,18.0,,0.18,12.42
2018-03-24,57,18.0,,0.18,10.26
2018-03-25,60,18.0,False,0.18,10.799999999999999
2018-03-26,80,18.0,,0.18,14.399999999999999
2018-03-27,74,18.0,,0.18,13.32
2018-03-28,71,18.0,,0.18,12.78
2018-03-29,78,18.0,,0.18,14.04
2018-03-30,93,18.0,,0.18,16.74
2018-03-31,73,18.0,,0.18,13.139999999999999
2018-04-01,97,17.0,False,0.17,16.490000000000002
2018-04-02,100,17.0,,0.17,17.0
2018-04-03,96,17.0,,0.17,16.32
2018-04-04,84,17.0,,0.17,14.280000000000001
2018-04-05,92,17.0,,0.17,15.64
2018-04-06,92,17.0,,0.17,15.64
2018-04-07,75,17.0,,0.17,12.750000000000002
2018-04-08,72,16.0,False,0.16,11.52
2018-04-09,89,16.0,,0.16,14.24
2018-04-10,85,16.0,,0.16,13.6
2018-04-11,77,16.0,,0.16,12.32
2018-04-12,98,16.0,,0.16,15.68
2018-04-13,98,16.0,,0.16,15.68
2018-04-14,73,16.0,,0.16,11.68
2018-04-15,74,14.0,False,0.14,10.360000000000001
2018-04-16,77,14.0,,0.14,10.780000000000001
2018-04-17,77,14.0,,0.14,10.780000000000001
2018-04-18,74,14.0,,0.14,10.360000000000001
2018-04-19,81,14.0,,0.14,11.340000000000002
2018-04-20,79,14.0,,0.14,11.06
2018-04-21,74,14.0,,0.14,10.360000000000001
2018-04-22,72,14.0,False,0.14,10.080000000000002
2018-04-23,79,14.0,,0.14,11.06
2018-04-24,95,14.0,,0.14,13.3
2018-04-25,90,14.0,,0.14,12.600000000000001
2018-04-26,75,14.0,,0.14,10.500000000000002
2018-04-27,76,14.0,,0.14,10.64
2018-04-28,63,14.0,,0.14,8.82
2018-04-29,65,12.0,False,0.12,7.8
2018-04-30,66,12.0,,0.12,7.92
2018-05-01,84,12.0,,0.12,10.08
2018-05-02,80,12.0,,0.12,9.6
2018-05-03,90,12.0,,0.12,10.799999999999999
2018-05-04,87,12.0,,0.12,10.44
2018-05-05,91,12.0,,0.12,10.92
2018-05-06,83,13.0,False,0.13,10.790000000000001
2018-05-07,96,13.0,,0.13,12.48
2018-05-08,84,13.0,,0.13,10.92
2018-05-09,77,13.0,,0.13,10.01
2018-05-10,83,13.0,,0.13,10.790000000000001
2018-05-11,100,13.0,,0.13,13.0
2018-05-12,78,13.0,,0.13,10.14
2018-05-13,72,11.0,False,0.11,7.92
2018-05-14,92,11.0,,0.11,10.12
2018-05-15,84,11.0,,0.11,9.24
2018-05-16,83,11.0,,0.11,9.13
2018-05-17,79,11.0,,0.11,8.69
2018-05-18,76,11.0,,0.11,8.36
2018-05-19,65,11.0,,0.11,7.15
2018-05-20,67,11.0,False,0.11,7.37
2018-05-21,73,11.0,,0.11,8.03
2018-05-22,73,11.0,,0.11,8.03
2018-05-23,92,11.0,,0.11,10.12
2018-05-24,91,11.0,,0.11,10.01
2018-05-25,75,11.0,,0.11,8.25
2018-05-26,64,11.0,,0.11,7.04
2018-05-27,68,10.0,False,0.1,6.800000000000001
2018-05-28,78,10.0,,0.1,7.800000000000001
2018-05-29,81,10.0,,0.1,8.1
2018-05-30,77,10.0,,0.1,7.7
2018-05-31,68,10.0,,0.1,6.800000000000001
2018-06-01,62,10.0,,0.1,6.2
2018-06-02,58,10.0,,0.1,5.800000000000001
2018-06-03,60,9.0,False,0.09,5.3999999999999995
2018-06-04,65,9.0,,0.09,5.85
2018-06-05,65,9.0,,0.09,5.85
2018-06-06,65,9.0,,0.09,5.85
2018-06-07,66,9.0,,0.09,5.9399999999999995
2018-06-08,66,9.0,,0.09,5.9399999999999995
2018-06-09,57,9.0,,0.09,5.13
2018-06-10,80,12.0,False,0.12,9.6
2018-06-11,100,12.0,,0.12,12.0
2018-06-12,83,12.0,,0.12,9.959999999999999
2018-06-13,94,12.0,,0.12,11.28
2018-06-14,87,12.0,,0.12,10.44
2018-06-15,71,12.0,,0.12,8.52
2018-06-16,62,12.0,,0.12,7.4399999999999995
2018-06-17,59,10.0,False,0.1,5.9
2018-06-18,75,10.0,,0.1,7.5
2018-06-19,68,10.0,,0.1,6.800000000000001
2018-06-20,72,10.0,,0.1,7.2
2018-06-21,65,10.0,,0.1,6.5
2018-06-22,80,10.0,,0.1,8.0
2018-06-23,72,10.0,,0.1,7.2
2018-06-24,77,10.0,False,0.1,7.7
2018-06-25,74,10.0,,0.1,7.4
2018-06-26,64,10.0,,0.1,6.4
2018-06-27,68,10.0,,0.1,6.800000000000001
2018-06-28,64,10.0,,0.1,6.4
2018-06-29,82,10.0,,0.1,8.200000000000001
2018-06-30,74,10.0,,0.1,7.4
2018-07-01,62,10.0,False,0.1,6.2
2018-07-02,69,10.0,,0.1,6.9
2018-07-03,65,10.0,,0.1,6.5
2018-07-04,64,10.0,,0.1,6.4
2018-07-05,66,10.0,,0.1,6.6000000000000005
2018-07-06,55,10.0,,0.1,5.5
2018-07-07,53,10.0,,0.1,5.300000000000001
2018-07-08,52,9.0,False,0.09,4.68
2018-07-09,62,9.0,,0.09,5.58
2018-07-10,65,9.0,,0.09,5.85
2018-07-11,54,9.0,,0.09,4.859999999999999
2018-07-12,58,9.0,,0.09,5.22
2018-07-13,58,9.0,,0.09,5.22
2018-07-14,53,9.0,,0.09,4.77
2018-07-15,53,11.0,False,0.11,5.83
2018-07-16,61,11.0,,0.11,6.71
2018-07-17,80,11.0,,0.11,8.8
2018-07-18,88,11.0,,0.11,9.68
2018-07-19,77,11.0,,0.11,8.47
2018-07-20,68,11.0,,0.11,7.48
2018-07-21,61,11.0,,0.11,6.71
2018-07-22,62,11.0,False,0.11,6.82
2018-07-23,75,11.0,,0.11,8.25
2018-07-24,100,11.0,,0.11,11.0
2018-07-25,88,11.0,,0.11,9.68
2018-07-26,75,11.0,,0.11,8.25
2018-07-27,77,11.0,,0.11,8.47
2018-07-28,60,11.0,,0.11,6.6
2018-07-29,58,10.0,False,0.1,5.800000000000001
2018-07-30,67,10.0,,0.1,6.7
2018-07-31,73,10.0,,0.1,7.300000000000001
2018-08-01,78,10.0,,0.1,7.800000000000001
2018-08-02,78,10.0,,0.1,7.800000000000001
2018-08-03,82,10.0,,0.1,8.200000000000001
2018-08-04,81,10.0,,0.1,8.1
2018-08-05,72,11.0,False,0.11,7.92
2018-08-06,81,11.0,,0.11,8.91
2018-08-07,79,11.0,,0.11,8.69
2018-08-08,98,11.0,,0.11,10.78
2018-08-09,81,11.0,,0.11,8.91
2018-08-10,83,11.0,,0.11,9.13
2018-08-11,87,11.0,,0.11,9.57
2018-08-12,76,11.0,False,0.11,8.36
2018-08-13,80,11.0,,0.11,8.8
2018-08-14,100,11.0,,0.11,11.0
2018-08-15,90,11.0,,0.11,9.9
2018-08-16,78,11.0,,0.11,8.58
2018-08-17,77,11.0,,0.11,8.47
2018-08-18,68,11.0,,0.11,7.48
2018-08-19,64,9.0,False,0.09,5.76
2018-08-20,73,9.0,,0.09,6.569999999999999
2018-08-21,79,9.0,,0.09,7.109999999999999
2018-08-22,87,9.0,,0.09,7.83
2018-08-23,72,9.0,,0.09,6.4799999999999995
2018-08-24,69,9.0,,0.09,6.21
2018-08-25,64,9.0,,0.09,5.76
2018-08-26,58,9.0,False,0.09,5.22
2018-08-27,71,9.0,,0.09,6.39
2018-08-28,81,9.0,,0.09,7.29
2018-08-29,81,9.0,,0.09,7.29
2018-08-30,75,9.0,,0.09,6.75
2018-08-31,71,9.0,,0.09,6.39
2018-09-01,63,9.0,,0.09,5.67
2018-09-02,63,10.0,False,0.1,6.300000000000001
2018-09-03,70,10.0,,0.1,7.0
2018-09-04,72,10.0,,0.1,7.2
2018-09-05,92,10.0,,0.1,9.200000000000001
2018-09-06,100,10.0,,0.1,10.0
2018-09-07,75,10.0,,0.1,7.5
2018-09-08,69,10.0,,0.1,6.9
2018-09-09,61,10.0,False,0.1,6.1000000000000005
2018-09-10,72,10.0,,0.1,7.2
2018-09-11,71,10.0,,0.1,7.1000000000000005
2018-09-12,82,10.0,,0.1,8.200000000000001
2018-09-13,74,10.0,,0.1,7.4
2018-09-14,69,10.0,,0.1,6.9
2018-09-15,59,10.0,,0.1,5.9
2018-09-16,57,9.0,False,0.09,5.13
2018-09-17,69,9.0,,0.09,6.21
2018-09-18,62,9.0,,0.09,5.58
2018-09-19,64,9.0,,0.09,5.76
2018-09-20,68,9.0,,0.09,6.12
2018-09-21,73,9.0,,0.09,6.569999999999999
2018-09-22,63,9.0,,0.09,5.67
2018-09-23,57,8.0,False,0.08,4.5600000000000005
2018-09-24,59,8.0,,0.08,4.72
2018-09-25,65,8.0,,0.08,5.2
2018-09-26,63,8.0,,0.08,5.04
2018-09-27,62,8.0,,0.08,4.96
2018-09-28,61,8.0,,0.08,4.88
2018-09-29,54,8.0,,0.08,4.32
2018-09-30,56,8.0,False,0.08,4.48
2018-10-01,73,8.0,,0.08,5.84
2018-10-02,71,8.0,,0.08,5.68
2018-10-03,77,8.0,,0.08,6.16
2018-10-04,78,8.0,,0.08,6.24
2018-10-05,74,8.0,,0.08,5.92
2018-10-06,66,8.0,,0.08,5.28
2018-10-07,61,8.0,False,0.08,4.88
2018-10-08,74,8.0,,0.08,5.92
2018-10-09,72,8.0,,0.08,5.76
2018-10-10,74,8.0,,0.08,5.92
2018-10-11,100,8.0,,0.08,8.0
2018-10-12,75,8.0,,0.08,6.0
2018-10-13,68,8.0,,0.08,5.44
2018-10-14,69,8.0,False,0.08,5.5200000000000005
2018-10-15,90,8.0,,0.08,7.2
2018-10-16,80,8.0,,0.08,6.4
2018-10-17,80,8.0,,0.08,6.4
2018-10-18,78,8.0,,0.08,6.24
2018-10-19,73,8.0,,0.08,5.84
2018-10-20,65,8.0,,0.08,5.2
2018-10-21,62,7.0,False,0.07,4.340000000000001
2018-10-22,69,7.0,,0.07,4.83
2018-10-23,77,7.0,,0.07,5.390000000000001
2018-10-24,75,7.0,,0.07,5.250000000000001
2018-10-25,66,7.0,,0.07,4.62
2018-10-26,69,7.0,,0.07,4.83
2018-10-27,63,7.0,,0.07,4.41
2018-10-28,59,7.0,False,0.07,4.130000000000001
2018-10-29,74,7.0,,0.07,5.180000000000001
2018-10-30,72,7.0,,0.07,5.040000000000001
2018-10-31,73,7.0,,0.07,5.11
2018-11-01,42,7.0,,0.07,2.9400000000000004
2018-11-02,41,7.0,,0.07,2.87
2018-11-03,32,7.0,,0.07,2.24
2018-11-04,40,8.0,False,0.08,3.2
2018-11-05,44,8.0,,0.08,3.52
2018-11-06,41,8.0,,0.08,3.2800000000000002
2018-11-07,42,8.0,,0.08,3.36
2018-11-08,39,8.0,,0.08,3.12
2018-11-09,39,8.0,,0.08,3.12
2018-11-10,31,8.0,,0.08,2.48
2018-11-11,32,9.0,False,0.09,2.88
2018-11-12,36,9.0,,0.09,3.2399999999999998
2018-11-13,37,9.0,,0.09,3.33
2018-11-14,61,9.0,,0.09,5.49
2018-11-15,70,9.0,,0.09,6.3
2018-11-16,55,9.0,,0.09,4.95
2018-11-17,44,9.0,,0.09,3.96
2018-11-18,41,13.0,False,0.13,5.33
2018-11-19,71,13.0,,0.13,9.23
2018-11-20,100,13.0,,0.13,13.0
2018-11-21,81,13.0,,0.13,10.530000000000001
2018-11-22,57,13.0,,0.13,7.41
2018-11-23,61,13.0,,0.13,7.930000000000001
2018-11-24,56,13.0,,0.13,7.28
2018-11-25,85,14.0,False,0.14,11.9
2018-11-26,82,14.0,,0.14,11.48
2018-11-27,72,14.0,,0.14,10.080000000000002
2018-11-28,70,14.0,,0.14,9.8
2018-11-29,63,14.0,,0.14,8.82
2018-11-30,57,14.0,,0.14,7.98
2018-12-01,69,14.0,,0.14,9.66
2018-12-02,61,11.0,False,0.11,6.71
2018-12-03,80,11.0,,0.11,8.8
2018-12-04,78,11.0,,0.11,8.58
2018-12-05,74,11.0,,0.11,8.14
2018-12-06,78,11.0,,0.11,8.58
2018-12-07,100,11.0,,0.11,11.0
2018-12-08,77,11.0,,0.11,8.47
2018-12-09,68,10.0,False,0.1,6.800000000000001
2018-12-10,75,10.0,,0.1,7.5
2018-12-11,73,10.0,,0.1,7.300000000000001
2018-12-12,71,10.0,,0.1,7.1000000000000005
2018-12-13,69,10.0,,0.1,6.9
2018-12-14,83,10.0,,0.1,8.3
2018-12-15,67,10.0,,0.1,6.7
2018-12-16,61,11.0,False,0.11,6.71
2018-12-17,76,11.0,,0.11,8.36
2018-12-18,76,11.0,,0.11,8.36
2018-12-19,83,11.0,,0.11,9.13
2018-12-20,88,11.0,,0.11,9.68
2018-12-21,82,11.0,,0.11,9.02
2018-12-22,68,11.0,,0.11,7.48
2018-12-23,64,9.0,False,0.09,5.76
2018-12-24,67,9.0,,0.09,6.029999999999999
2018-12-25,75,9.0,,0.09,6.75
2018-12-26,68,9.0,,0.09,6.12
2018-12-27,70,9.0,,0.09,6.3
2018-12-28,67,9.0,,0.09,6.029999999999999
2018-12-29,58,9.0,,0.09,5.22
2018-12-30,61,9.0,False,0.09,5.49
2018-12-31,60,9.0,,0.09,5.3999999999999995
2019-01-01,81,9.0,,0.09,7.29
2019-01-02,91,9.0,,0.09,8.19
2019-01-03,100,9.0,,0.09,9.0
2019-01-04,92,9.0,,0.09,8.28
2019-01-05,78,9.0,,0.09,7.02
2019-01-06,79,9.0,False,0.09,7.109999999999999
2019-01-07,85,9.0,,0.09,7.6499999999999995
2019-01-08,89,9.0,,0.09,8.01
2019-01-09,83,9.0,,0.09,7.47
2019-01-10,99,9.0,,0.09,8.91
2019-01-11,87,9.0,,0.09,7.83
2019-01-12,74,9.0,,0.09,6.66
2019-01-13,73,8.0,False,0.08,5.84
2019-01-14,87,8.0,,0.08,6.96
2019-01-15,82,8.0,,0.08,6.5600000000000005
2019-01-16,75,8.0,,0.08,6.0
2019-01-17,79,8.0,,0.08,6.32
2019-01-18,71,8.0,,0.08,5.68
2019-01-19,63,8.0,,0.08,5.04
2019-01-20,60,7.0,False,0.07,4.2
2019-01-21,75,7.0,,0.07,5.250000000000001
2019-01-22,75,7.0,,0.07,5.250000000000001
2019-01-23,72,7.0,,0.07,5.040000000000001
2019-01-24,74,7.0,,0.07,5.180000000000001
2019-01-25,71,7.0,,0.07,4.970000000000001
2019-01-26,62,7.0,,0.07,4.340000000000001
2019-01-27,62,7.0,False,0.07,4.340000000000001
2019-01-28,83,7.0,,0.07,5.8100000000000005
2019-01-29,77,7.0,,0.07,5.390000000000001
2019-01-30,73,7.0,,0.07,5.11
2019-01-31,70,7.0,,0.07,4.9
2019-02-01,80,7.0,,0.07,5.6000000000000005
2019-02-02,70,7.0,,0.07,4.9
2019-02-03,65,8.0,False,0.08,5.2
2019-02-04,87,8.0,,0.08,6.96
2019-02-05,96,8.0,,0.08,7.68
2019-02-06,91,8.0,,0.08,7.28
2019-02-07,84,8.0,,0.08,6.72
2019-02-08,84,8.0,,0.08,6.72
2019-02-09,85,8.0,,0.08,6.8
2019-02-10,73,7.0,False,0.07,5.11
2019-02-11,79,7.0,,0.07,5.53
2019-02-12,80,7.0,,0.07,5.6000000000000005
2019-02-13,75,7.0,,0.07,5.250000000000001
2019-02-14,73,7.0,,0.07,5.11
2019-02-15,75,7.0,,0.07,5.250000000000001
2019-02-16,70,7.0,,0.07,4.9
2019-02-17,71,8.0,False,0.08,5.68
2019-02-18,94,8.0,,0.08,7.5200000000000005
2019-02-19,100,8.0,,0.08,8.0
2019-02-20,94,8.0,,0.08,7.5200000000000005
2019-02-21,83,8.0,,0.08,6.640000000000001
2019-02-22,92,8.0,,0.08,7.36
2019-02-23,83,8.0,,0.08,6.640000000000001
2019-02-24,94,7.0,False,0.07,6.580000000000001
2019-02-25,91,7.0,,0.07,6.370000000000001
2019-02-26,83,7.0,,0.07,5.8100000000000005
2019-02-27,74,7.0,,0.07,5.180000000000001
2019-02-28,75,7.0,,0.07,5.250000000000001
2019-03-01,93,7.0,,0.07,6.510000000000001
2019-03-02,84,7.0,,0.07,5.880000000000001
2019-03-03,83,7.0,False,0.07,5.8100000000000005
2019-03-04,96,7.0,,0.07,6.720000000000001
2019-03-05,100,7.0,,0.07,7.000000000000001
2019-03-06,96,7.0,,0.07,6.720000000000001
2019-03-07,93,7.0,,0.07,6.510000000000001
2019-03-08,83,7.0,,0.07,5.8100000000000005
2019-03-09,88,7.0,,0.07,6.16
2019-03-10,88,7.0,False,0.07,6.16
2019-03-11,90,7.0,,0.07,6.300000000000001
2019-03-12,96,7.0,,0.07,6.720000000000001
2019-03-13,80,7.0,,0.07,5.6000000000000005
2019-03-14,85,7.0,,0.07,5.95
2019-03-15,87,7.0,,0.07,6.090000000000001
2019-03-16,90,7.0,,0.07,6.300000000000001
2019-03-17,83,7.0,False,0.07,5.8100000000000005
2019-03-18,94,7.0,,0.07,6.580000000000001
2019-03-19,98,7.0,,0.07,6.86
2019-03-20,92,7.0,,0.07,6.44
2019-03-21,97,7.0,,0.07,6.790000000000001
2019-03-22,93,7.0,,0.07,6.510000000000001
2019-03-23,88,7.0,,0.07,6.16
2019-03-24,78,7.0,False,0.07,5.460000000000001
2019-03-25,83,7.0,,0.07,5.8100000000000005
2019-03-26,87,7.0,,0.07,6.090000000000001
2019-03-27,91,7.0,,0.07,6.370000000000001
2019-03-28,91,7.0,,0.07,6.370000000000001
2019-03-29,95,7.0,,0.07,6.65
2019-03-30,80,7.0,,0.07,5.6000000000000005
2019-03-31,84,12.0,False,0.12,10.08
2019-04-01,41,12.0,,0.12,4.92
2019-04-02,95,12.0,,0.12,11.4
2019-04-03,100,12.0,,0.12,12.0
2019-04-04,70,12.0,,0.12,8.4
2019-04-05,57,12.0,,0.12,6.84
2019-04-06,49,12.0,,0.12,5.88
2019-04-07,50,9.0,False,0.09,4.5
2019-04-08,60,9.0,,0.09,5.3999999999999995
2019-04-09,53,9.0,,0.09,4.77
2019-04-10,54,9.0,,0.09,4.859999999999999
2019-04-11,56,9.0,,0.09,5.04
2019-04-12,48,9.0,,0.09,4.32
2019-04-13,39,9.0,,0.09,3.51
2019-04-14,38,8.0,False,0.08,3.04
2019-04-15,52,8.0,,0.08,4.16
2019-04-16,46,8.0,,0.08,3.68
2019-04-17,46,8.0,,0.08,3.68
2019-04-18,46,8.0,,0.08,3.68
2019-04-19,47,8.0,,0.08,3.7600000000000002
2019-04-20,45,8.0,,0.08,3.6
2019-04-21,43,9.0,False,0.09,3.8699999999999997
2019-04-22,46,9.0,,0.09,4.14
2019-04-23,61,9.0,,0.09,5.49
2019-04-24,54,9.0,,0.09,4.859999999999999
2019-04-25,54,9.0,,0.09,4.859999999999999
2019-04-26,52,9.0,,0.09,4.68
2019-04-27,42,9.0,,0.09,3.78
2019-04-28,43,8.0,False,0.08,3.44
2019-04-29,45,8.0,,0.08,3.6
2019-04-30,45,8.0,,0.08,3.6
2019-05-01,34,8.0,,0.08,2.72
2019-05-02,34,8.0,,0.08,2.72
2019-05-03,46,8.0,,0.08,3.68
2019-05-04,39,8.0,,0.08,3.12
2019-05-05,36,11.0,False,0.11,3.96
2019-05-06,40,11.0,,0.11,4.4
2019-05-07,44,11.0,,0.11,4.84
2019-05-08,45,11.0,,0.11,4.95
2019-05-09,50,11.0,,0.11,5.5
2019-05-10,53,11.0,,0.11,5.83
2019-05-11,69,11.0,,0.11,7.59
2019-05-12,75,18.0,False,0.18,13.5
2019-05-13,84,18.0,,0.18,15.12
2019-05-14,100,18.0,,0.18,18.0
2019-05-15,81,18.0,,0.18,14.58
2019-05-16,73,18.0,,0.18,13.139999999999999
2019-05-17,73,18.0,,0.18,13.139999999999999
2019-05-18,60,18.0,,0.18,10.799999999999999
2019-05-19,63,13.0,False,0.13,8.19
2019-05-20,63,13.0,,0.13,8.19
2019-05-21,58,13.0,,0.13,7.54
2019-05-22,55,13.0,,0.13,7.15
2019-05-23,55,13.0,,0.13,7.15
2019-05-24,53,13.0,,0.13,6.890000000000001
2019-05-25,45,13.0,,0.13,5.8500000000000005
2019-05-26,48,14.0,False,0.14,6.720000000000001
2019-05-27,74,14.0,,0.14,10.360000000000001
2019-05-28,66,14.0,,0.14,9.24
2019-05-29,61,14.0,,0.14,8.540000000000001
2019-05-30,65,14.0,,0.14,9.100000000000001
2019-05-31,59,14.0,,0.14,8.260000000000002
2019-06-01,30,14.0,,0.14,4.2
2019-06-02,29,12.0,False,0.12,3.48
2019-06-03,30,12.0,,0.12,3.5999999999999996
2019-06-04,37,12.0,,0.12,4.4399999999999995
2019-06-05,33,12.0,,0.12,3.96
2019-06-06,30,12.0,,0.12,3.5999999999999996
2019-06-07,30,12.0,,0.12,3.5999999999999996
2019-06-08,26,12.0,,0.12,3.12
2019-06-09,25,11.0,False,0.11,2.75
2019-06-10,27,11.0,,0.11,2.97
2019-06-11,27,11.0,,0.11,2.97
2019-06-12,27,11.0,,0.11,2.97
2019-06-13,28,11.0,,0.11,3.08
2019-06-14,30,11.0,,0.11,3.3
2019-06-15,30,11.0,,0.11,3.3
2019-06-16,39,16.0,False,0.16,6.24
2019-06-17,40,16.0,,0.16,6.4
2019-06-18,40,16.0,,0.16,6.4
2019-06-19,35,16.0,,0.16,5.6000000000000005
2019-06-20,35,16.0,,0.16,5.6000000000000005
2019-06-21,44,16.0,,0.16,7.04
2019-06-22,70,16.0,,0.16,11.200000000000001
2019-06-23,48,25.0,False,0.25,12.0
2019-06-24,51,25.0,,0.25,12.75
2019-06-25,57,25.0,,0.25,14.25
2019-06-26,100,25.0,,0.25,25.0
2019-06-27,86,25.0,,0.25,21.5
2019-06-28,64,25.0,,0.25,16.0
2019-06-29,50,25.0,,0.25,12.5
2019-06-30,41,17.0,False,0.17,6.970000000000001
2019-07-01,100,17.0,,0.17,17.0
2019-07-02,99,17.0,,0.17,16.830000000000002
2019-07-03,93,17.0,,0.17,15.81
2019-07-04,83,17.0,,0.17,14.110000000000001
2019-07-05,80,17.0,,0.17,13.600000000000001
2019-07-06,70,17.0,,0.17,11.9
2019-07-07,65,15.0,False,0.15,9.75
2019-07-08,82,15.0,,0.15,12.299999999999999
2019-07-09,89,15.0,,0.15,13.35
2019-07-10,96,15.0,,0.15,14.399999999999999
2019-07-11,84,15.0,,0.15,12.6
2019-07-12,92,15.0,,0.15,13.799999999999999
2019-07-13,70,15.0,,0.15,10.5
2019-07-14,73,15.0,False,0.15,10.95
2019-07-15,90,15.0,,0.15,13.5
2019-07-16,91,15.0,,0.15,13.65
2019-07-17,90,15.0,,0.15,13.5
2019-07-18,89,15.0,,0.15,13.35
2019-07-19,78,15.0,,0.15,11.7
2019-07-20,65,15.0,,0.15,9.75
2019-07-21,63,13.0,False,0.13,8.19
2019-07-22,64,13.0,,0.13,8.32
2019-07-23,72,13.0,,0.13,9.36
2019-07-24,72,13.0,,0.13,9.36
2019-07-25,68,13.0,,0.13,8.84
2019-07-26,63,13.0,,0.13,8.19
2019-07-27,66,13.0,,0.13,8.58
2019-07-28,55,12.0,False,0.12,6.6
2019-07-29,66,12.0,,0.12,7.92
2019-07-30,61,12.0,,0.12,7.319999999999999
2019-07-31,66,12.0,,0.12,7.92
2019-08-01,69,12.0,,0.12,8.28
2019-08-02,71,12.0,,0.12,8.52
2019-08-03,64,12.0,,0.12,7.68
2019-08-04,64,14.0,False,0.14,8.96
2019-08-05,100,14.0,,0.14,14.000000000000002
2019-08-06,93,14.0,,0.14,13.020000000000001
2019-08-07,85,14.0,,0.14,11.9
2019-08-08,79,14.0,,0.14,11.06
2019-08-09,72,14.0,,0.14,10.080000000000002
2019-08-10,68,14.0,,0.14,9.520000000000001
2019-08-11,60,13.0,False,0.13,7.800000000000001
2019-08-12,72,13.0,,0.13,9.36
2019-08-13,71,13.0,,0.13,9.23
2019-08-14,79,13.0,,0.13,10.27
2019-08-15,84,13.0,,0.13,10.92
2019-08-16,70,13.0,,0.13,9.1
2019-08-17,63,13.0,,0.13,8.19
2019-08-18,64,11.0,False,0.11,7.04
2019-08-19,70,11.0,,0.11,7.7
2019-08-20,70,11.0,,0.11,7.7
2019-08-21,71,11.0,,0.11,7.81
2019-08-22,68,11.0,,0.11,7.48
2019-08-23,66,11.0,,0.11,7.26
2019-08-24,56,11.0,,0.11,6.16
2019-08-25,52,11.0,False,0.11,5.72
2019-08-26,66,11.0,,0.11,7.26
2019-08-27,65,11.0,,0.11,7.15
2019-08-28,65,11.0,,0.11,7.15
2019-08-29,73,11.0,,0.11,8.03
2019-08-30,61,11.0,,0.11,6.71
2019-08-31,51,11.0,,0.11,5.61
2019-09-01,58,11.0,False,0.11,6.38
2019-09-02,75,11.0,,0.11,8.25
2019-09-03,83,11.0,,0.11,9.13
2019-09-04,74,11.0,,0.11,8.14
2019-09-05,70,11.0,,0.11,7.7
2019-09-06,70,11.0,,0.11,7.7
2019-09-07,60,11.0,,0.11,6.6
2019-09-08,58,10.0,False,0.1,5.800000000000001
2019-09-09,64,10.0,,0.1,6.4
2019-09-10,62,10.0,,0.1,6.2
2019-09-11,61,10.0,,0.1,6.1000000000000005
2019-09-12,63,10.0,,0.1,6.300000000000001
2019-09-13,61,10.0,,0.1,6.1000000000000005
2019-09-14,56,10.0,,0.1,5.6000000000000005
2019-09-15,55,9.0,False,0.09,4.95
2019-09-16,55,9.0,,0.09,4.95
2019-09-17,60,9.0,,0.09,5.3999999999999995
2019-09-18,56,9.0,,0.09,5.04
2019-09-19,63,9.0,,0.09,5.67
2019-09-20,55,9.0,,0.09,4.95
2019-09-21,47,9.0,,0.09,4.2299999999999995
2019-09-22,53,11.0,False,0.11,5.83
2019-09-23,63,11.0,,0.11,6.93
2019-09-24,82,11.0,,0.11,9.02
2019-09-25,100,11.0,,0.11,11.0
2019-09-26,92,11.0,,0.11,10.12
2019-09-27,88,11.0,,0.11,9.68
2019-09-28,61,11.0,,0.11,6.71
2019-09-29,62,10.0,False,0.1,6.2
2019-09-30,71,10.0,,0.1,7.1000000000000005
2019-10-01,66,10.0,,0.1,6.6000000000000005
2019-10-02,62,10.0,,0.1,6.2
2019-10-03,62,10.0,,0.1,6.2
2019-10-04,58,10.0,,0.1,5.800000000000001
2019-10-05,55,10.0,,0.1,5.5
2019-10-06,53,9.0,False,0.09,4.77
2019-10-07,64,9.0,,0.09,5.76
2019-10-08,60,9.0,,0.09,5.3999999999999995
2019-10-09,59,9.0,,0.09,5.31
2019-10-10,62,9.0,,0.09,5.58
2019-10-11,54,9.0,,0.09,4.859999999999999
2019-10-12,51,9.0,,0.09,4.59
2019-10-13,50,9.0,False,0.09,4.5
2019-10-14,54,9.0,,0.09,4.859999999999999
2019-10-15,55,9.0,,0.09,4.95
2019-10-16,58,9.0,,0.09,5.22
2019-10-17,57,9.0,,0.09,5.13
2019-10-18,55,9.0,,0.09,4.95
2019-10-19,48,9.0,,0.09,4.32
2019-10-20,48,10.0,False,0.1,4.800000000000001
2019-10-21,53,10.0,,0.1,5.300000000000001
2019-10-22,53,10.0,,0.1,5.300000000000001
2019-10-23,69,10.0,,0.1,6.9
2019-10-24,67,10.0,,0.1,6.7
2019-10-25,71,10.0,,0.1,7.1000000000000005
2019-10-26,100,10.0,,0.1,10.0
2019-10-27,74,10.0,False,0.1,7.4
2019-10-28,79,10.0,,0.1,7.9
2019-10-29,68,10.0,,0.1,6.800000000000001
2019-10-30,66,10.0,,0.1,6.6000000000000005
2019-10-31,60,10.0,,0.1,6.0
2019-11-01,73,10.0,,0.1,7.300000000000001
2019-11-02,67,10.0,,0.1,6.7
2019-11-03,65,9.0,False,0.09,5.85
2019-11-04,70,9.0,,0.09,6.3
2019-11-05,75,9.0,,0.09,6.75
2019-11-06,76,9.0,,0.09,6.84
2019-11-07,69,9.0,,0.09,6.21
2019-11-08,72,9.0,,0.09,6.4799999999999995
2019-11-09,65,9.0,,0.09,5.85
2019-11-10,65,8.0,False,0.08,5.2
2019-11-11,71,8.0,,0.08,5.68
2019-11-12,68,8.0,,0.08,5.44
2019-11-13,70,8.0,,0.08,5.6000000000000005
2019-11-14,65,8.0,,0.08,5.2
2019-11-15,65,8.0,,0.08,5.2
2019-11-16,60,8.0,,0.08,4.8
2019-11-17,63,9.0,False,0.09,5.67
2019-11-18,72,9.0,,0.09,6.4799999999999995
2019-11-19,71,9.0,,0.09,6.39
2019-11-20,68,9.0,,0.09,6.12
2019-11-21,86,9.0,,0.09,7.739999999999999
2019-11-22,100,9.0,,0.09,9.0
2019-11-23,73,9.0,,0.09,6.569999999999999
2019-11-24,76,10.0,False,0.1,7.6000000000000005
2019-11-25,95,10.0,,0.1,9.5
2019-11-26,82,10.0,,0.1,8.200000000000001
2019-11-27,85,10.0,,0.1,8.5
2019-11-28,73,10.0,,0.1,7.300000000000001
2019-11-29,74,10.0,,0.1,7.4
2019-11-30,63,10.0,,0.1,6.300000000000001
2019-12-01,75,9.0,False,0.09,6.75
2019-12-02,82,9.0,,0.09,7.38
2019-12-03,79,9.0,,0.09,7.109999999999999
2019-12-04,87,9.0,,0.09,7.83
2019-12-05,89,9.0,,0.09,8.01
2019-12-06,80,9.0,,0.09,7.199999999999999
2019-12-07,75,9.0,,0.09,6.75
2019-12-08,69,8.0,False,0.08,5.5200000000000005
2019-12-09,74,8.0,,0.08,5.92
2019-12-10,80,8.0,,0.08,6.4
2019-12-11,79,8.0,,0.08,6.32
2019-12-12,84,8.0,,0.08,6.72
2019-12-13,78,8.0,,0.08,6.24
2019-12-14,79,8.0,,0.08,6.32
2019-12-15,70,9.0,False,0.09,6.3
2019-12-16,85,9.0,,0.09,7.6499999999999995
2019-12-17,100,9.0,,0.09,9.0
2019-12-18,98,9.0,,0.09,8.82
2019-12-19,89,9.0,,0.09,8.01
2019-12-20,83,9.0,,0.09,7.47
2019-12-21,69,9.0,,0.09,6.21
2019-12-22,76,8.0,False,0.08,6.08
2019-12-23,89,8.0,,0.08,7.12
2019-12-24,79,8.0,,0.08,6.32
2019-12-25,75,8.0,,0.08,6.0
2019-12-26,79,8.0,,0.08,6.32
2019-12-27,72,8.0,,0.08,5.76
2019-12-28,73,8.0,,0.08,5.84
2019-12-29,78,9.0,False,0.09,7.02
2019-12-30,78,9.0,,0.09,7.02
2019-12-31,71,9.0,,0.09,6.39
2020-01-01,56,9.0,,0.09,5.04
2020-01-02,68,9.0,,0.09,6.12
2020-01-03,72,9.0,,0.09,6.4799999999999995
2020-01-04,65,9.0,,0.09,5.85
2020-01-05,71,11.0,False,0.11,7.81
2020-01-06,75,11.0,,0.11,8.25
2020-01-07,88,11.0,,0.11,9.68
2020-01-08,100,11.0,,0.11,11.0
2020-01-09,76,11.0,,0.11,8.36
2020-01-10,77,11.0,,0.11,8.47
2020-01-11,70,11.0,,0.11,7.7
2020-01-12,64,11.0,False,0.11,7.04
2020-01-13,69,11.0,,0.11,7.59
2020-01-14,97,11.0,,0.11,10.67
2020-01-15,95,11.0,,0.11,10.45
2020-01-16,79,11.0,,0.11,8.69
2020-01-17,84,11.0,,0.11,9.24
2020-01-18,79,11.0,,0.11,8.69
2020-01-19,85,10.0,False,0.1,8.5
2020-01-20,77,10.0,,0.1,7.7
2020-01-21,77,10.0,,0.1,7.7
2020-01-22,69,10.0,,0.1,6.9
2020-01-23,71,10.0,,0.1,7.1000000000000005
2020-01-24,71,10.0,,0.1,7.1000000000000005
2020-01-25,66,10.0,,0.1,6.6000000000000005
2020-01-26,57,10.0,False,0.1,5.7
2020-01-27,70,10.0,,0.1,7.0
2020-01-28,87,10.0,,0.1,8.700000000000001
2020-01-29,90,10.0,,0.1,9.0
2020-01-30,86,10.0,,0.1,8.6
2020-01-31,78,10.0,,0.1,7.800000000000001
2020-02-01,69,10.0,,0.1,6.9
2020-02-02,72,11.0,False,0.11,7.92
2020-02-03,73,11.0,,0.11,8.03
2020-02-04,76,11.0,,0.11,8.36
2020-02-05,81,11.0,,0.11,8.91
2020-02-06,85,11.0,,0.11,9.35
2020-02-07,83,11.0,,0.11,9.13
2020-02-08,77,11.0,,0.11,8.47
2020-02-09,99,13.0,False,0.13,12.870000000000001
2020-02-10,84,13.0,,0.13,10.92
2020-02-11,91,13.0,,0.13,11.83
2020-02-12,100,13.0,,0.13,13.0
2020-02-13,91,13.0,,0.13,11.83
2020-02-14,85,13.0,,0.13,11.05
2020-02-15,84,13.0,,0.13,10.92
2020-02-16,80,11.0,False,0.11,8.8
2020-02-17,78,11.0,,0.11,8.58
2020-02-18,79,11.0,,0.11,8.69
2020-02-19,89,11.0,,0.11,9.790000000000001
2020-02-20,83,11.0,,0.11,9.13
2020-02-21,79,11.0,,0.11,8.69
2020-02-22,64,11.0,,0.11,7.04
2020-02-23,67,11.0,False,0.11,7.37
2020-02-24,83,11.0,,0.11,9.13
2020-02-25,83,11.0,,0.11,9.13
2020-02-26,86,11.0,,0.11,9.46
2020-02-27,88,11.0,,0.11,9.68
2020-02-28,94,11.0,,0.11,10.34
2020-02-29,72,11.0,,0.11,7.92
2020-03-01,29,10.0,False,0.1,2.9000000000000004
2020-03-02,31,10.0,,0.1,3.1
2020-03-03,30,10.0,,0.1,3.0
2020-03-04,31,10.0,,0.1,3.1
2020-03-05,33,10.0,,0.1,3.3000000000000003
2020-03-06,33,10.0,,0.1,3.3000000000000003
2020-03-07,28,10.0,,0.1,2.8000000000000003
2020-03-08,32,19.0,False,0.19,6.08
2020-03-09,52,19.0,,0.19,9.88
2020-03-10,41,19.0,,0.19,7.79
2020-03-11,36,19.0,,0.19,6.84
2020-03-12,74,19.0,,0.19,14.06
2020-03-13,100,19.0,,0.19,19.0
2020-03-14,63,19.0,,0.19,11.97
2020-03-15,53,20.0,False,0.2,10.600000000000001
2020-03-16,72,20.0,,0.2,14.4
2020-03-17,58,20.0,,0.2,11.600000000000001
2020-03-18,55,20.0,,0.2,11.0
2020-03-19,58,20.0,,0.2,11.600000000000001
2020-03-20,59,20.0,,0.2,11.8
2020-03-21,50,20.0,,0.2,10.0
2020-03-22,46,14.0,False,0.14,6.44
2020-03-23,48,14.0,,0.14,6.720000000000001
2020-03-24,49,14.0,,0.14,6.86
2020-03-25,45,14.0,,0.14,6.300000000000001
2020-03-26,41,14.0,,0.14,5.74
2020-03-27,39,14.0,,0.14,5.460000000000001
2020-03-28,40,14.0,,0.14,5.6000000000000005
2020-03-29,38,12.0,False,0.12,4.56
2020-03-30,41,12.0,,0.12,4.92
2020-03-31,34,12.0,,0.12,4.08
2020-04-01,56,12.0,,0.12,6.72
2020-04-02,64,12.0,,0.12,7.68
2020-04-03,66,12.0,,0.12,7.92
2020-04-04,53,12.0,,0.12,6.359999999999999
2020-04-05,55,12.0,False,0.12,6.6
2020-04-06,63,12.0,,0.12,7.56
2020-04-07,66,12.0,,0.12,7.92
2020-04-08,61,12.0,,0.12,7.319999999999999
2020-04-09,59,12.0,,0.12,7.08
2020-04-10,63,12.0,,0.12,7.56
2020-04-11,57,12.0,,0.12,6.84
2020-04-12,56,12.0,False,0.12,6.72
2020-04-13,60,12.0,,0.12,7.199999999999999
2020-04-14,56,12.0,,0.12,6.72
2020-04-15,57,12.0,,0.12,6.84
2020-04-16,62,12.0,,0.12,7.4399999999999995
2020-04-17,54,12.0,,0.12,6.4799999999999995
2020-04-18,54,12.0,,0.12,6.4799999999999995
2020-04-19,55,12.0,False,0.12,6.6
2020-04-20,53,12.0,,0.12,6.359999999999999
2020-04-21,55,12.0,,0.12,6.6
2020-04-22,52,12.0,,0.12,6.24
2020-04-23,63,12.0,,0.12,7.56
2020-04-24,63,12.0,,0.12,7.56
2020-04-25,62,12.0,,0.12,7.4399999999999995
2020-04-26,65,16.0,False,0.16,10.4
2020-04-27,65,16.0,,0.16,10.4
2020-04-28,62,16.0,,0.16,9.92
2020-04-29,86,16.0,,0.16,13.76
2020-04-30,100,16.0,,0.16,16.0
2020-05-01,56,16.0,,0.16,8.96
2020-05-02,52,16.0,,0.16,8.32
2020-05-03,53,17.0,False,0.17,9.01
2020-05-04,51,17.0,,0.17,8.67
2020-05-05,47,17.0,,0.17,7.99
2020-05-06,57,17.0,,0.17,9.690000000000001
2020-05-07,66,17.0,,0.17,11.22
2020-05-08,75,17.0,,0.17,12.750000000000002
2020-05-09,63,17.0,,0.17,10.71
2020-05-10,83,21.0,False,0.21,17.43
2020-05-11,100,21.0,,0.21,21.0
2020-05-12,72,21.0,,0.21,15.12
2020-05-13,62,21.0,,0.21,13.02
2020-05-14,60,21.0,,0.21,12.6
2020-05-15,53,21.0,,0.21,11.129999999999999
2020-05-16,50,21.0,,0.21,10.5
2020-05-17,51,14.0,False,0.14,7.140000000000001
2020-05-18,49,14.0,,0.14,6.86
2020-05-19,47,14.0,,0.14,6.580000000000001
2020-05-20,48,14.0,,0.14,6.720000000000001
2020-05-21,52,14.0,,0.14,7.280000000000001
2020-05-22,45,14.0,,0.14,6.300000000000001
2020-05-23,40,14.0,,0.14,5.6000000000000005
2020-05-24,42,12.0,False,0.12,5.04
2020-05-25,45,12.0,,0.12,5.3999999999999995
2020-05-26,44,12.0,,0.12,5.279999999999999
2020-05-27,41,12.0,,0.12,4.92
2020-05-28,41,12.0,,0.12,4.92
2020-05-29,39,12.0,,0.12,4.68
2020-05-30,36,12.0,,0.12,4.32
2020-05-31,39,12.0,False,0.12,4.68
2020-06-01,77,12.0,,0.12,9.24
2020-06-02,100,12.0,,0.12,12.0
2020-06-03,79,12.0,,0.12,9.48
2020-06-04,78,12.0,,0.12,9.36
2020-06-05,75,12.0,,0.12,9.0
2020-06-06,68,12.0,,0.12,8.16
2020-06-07,69,11.0,False,0.11,7.59
2020-06-08,70,11.0,,0.11,7.7
2020-06-09,74,11.0,,0.11,8.14
2020-06-10,75,11.0,,0.11,8.25
2020-06-11,76,11.0,,0.11,8.36
2020-06-12,72,11.0,,0.11,7.92
2020-06-13,68,11.0,,0.11,7.48
2020-06-14,65,10.0,False,0.1,6.5
2020-06-15,75,10.0,,0.1,7.5
2020-06-16,72,10.0,,0.1,7.2
2020-06-17,66,10.0,,0.1,6.6000000000000005
2020-06-18,63,10.0,,0.1,6.300000000000001
2020-06-19,63,10.0,,0.1,6.300000000000001
2020-06-20,61,10.0,,0.1,6.1000000000000005
2020-06-21,56,10.0,False,0.1,5.6000000000000005
2020-06-22,69,10.0,,0.1,6.9
2020-06-23,68,10.0,,0.1,6.800000000000001
2020-06-24,65,10.0,,0.1,6.5
2020-06-25,66,10.0,,0.1,6.6000000000000005
2020-06-26,65,10.0,,0.1,6.5
2020-06-27,64,10.0,,0.1,6.4
2020-06-28,67,10.0,False,0.1,6.7
2020-06-29,62,10.0,,0.1,6.2
2020-06-30,64,10.0,,0.1,6.4
2020-07-01,52,10.0,,0.1,5.2
2020-07-02,50,10.0,,0.1,5.0
2020-07-03,50,10.0,,0.1,5.0
2020-07-04,47,10.0,,0.1,4.7
2020-07-05,47,9.0,False,0.09,4.2299999999999995
2020-07-06,50,9.0,,0.09,4.5
2020-07-07,52,9.0,,0.09,4.68
2020-07-08,52,9.0,,0.09,4.68
2020-07-09,52,9.0,,0.09,4.68
2020-07-10,49,9.0,,0.09,4.41
2020-07-11,45,9.0,,0.09,4.05
2020-07-12,48,11.0,False,0.11,5.28
2020-07-13,48,11.0,,0.11,5.28
2020-07-14,53,11.0,,0.11,5.83
2020-07-15,57,11.0,,0.11,6.2700000000000005
2020-07-16,69,11.0,,0.11,7.59
2020-07-17,51,11.0,,0.11,5.61
2020-07-18,74,11.0,,0.11,8.14
2020-07-19,48,10.0,False,0.1,4.800000000000001
2020-07-20,47,10.0,,0.1,4.7
2020-07-21,51,10.0,,0.1,5.1000000000000005
2020-07-22,49,10.0,,0.1,4.9
2020-07-23,55,10.0,,0.1,5.5
2020-07-24,52,10.0,,0.1,5.2
2020-07-25,54,10.0,,0.1,5.4
2020-07-26,67,16.0,False,0.16,10.72
2020-07-27,100,16.0,,0.16,16.0
2020-07-28,99,16.0,,0.16,15.84
2020-07-29,78,16.0,,0.16,12.48
2020-07-30,70,16.0,,0.16,11.200000000000001
2020-07-31,74,16.0,,0.16,11.84
2020-08-01,98,16.0,,0.16,15.68
2020-08-02,100,15.0,False,0.15,15.0
2020-08-03,83,15.0,,0.15,12.45
2020-08-04,78,15.0,,0.15,11.7
2020-08-05,79,15.0,,0.15,11.85
2020-08-06,84,15.0,,0.15,12.6
2020-08-07,82,15.0,,0.15,12.299999999999999
2020-08-08,75,15.0,,0.15,11.25
2020-08-09,69,13.0,False,0.13,8.97
2020-08-10,79,13.0,,0.13,10.27
2020-08-11,78,13.0,,0.13,10.14
2020-08-12,72,13.0,,0.13,9.36
2020-08-13,69,13.0,,0.13,8.97
2020-08-14,68,13.0,,0.13,8.84
2020-08-15,68,13.0,,0.13,8.84
2020-08-16,70,13.0,False,0.13,9.1
2020-08-17,81,13.0,,0.13,10.530000000000001
2020-08-18,78,13.0,,0.13,10.14
2020-08-19,76,13.0,,0.13,9.88
2020-08-20,68,13.0,,0.13,8.84
2020-08-21,65,13.0,,0.13,8.450000000000001
2020-08-22,61,13.0,,0.13,7.930000000000001
2020-08-23,60,11.0,False,0.11,6.6
2020-08-24,63,11.0,,0.11,6.93
2020-08-25,65,11.0,,0.11,7.15
2020-08-26,57,11.0,,0.11,6.2700000000000005
2020-08-27,58,11.0,,0.11,6.38
2020-08-28,59,11.0,,0.11,6.49
2020-08-29,55,11.0,,0.11,6.05
2020-08-30,56,12.0,False,0.12,6.72
2020-08-31,58,12.0,,0.12,6.96
2020-09-01,88,12.0,,0.12,10.559999999999999
2020-09-02,90,12.0,,0.12,10.799999999999999
2020-09-03,95,12.0,,0.12,11.4
2020-09-04,100,12.0,,0.12,12.0
2020-09-05,92,12.0,,0.12,11.04
2020-09-06,82,11.0,False,0.11,9.02
2020-09-07,85,11.0,,0.11,9.35
2020-09-08,84,11.0,,0.11,9.24
2020-09-09,77,11.0,,0.11,8.47
2020-09-10,77,11.0,,0.11,8.47
2020-09-11,73,11.0,,0.11,8.03
2020-09-12,73,11.0,,0.11,8.03
2020-09-13,72,10.0,False,0.1,7.2
2020-09-14,72,10.0,,0.1,7.2
2020-09-15,76,10.0,,0.1,7.6000000000000005
2020-09-16,79,10.0,,0.1,7.9
2020-09-17,76,10.0,,0.1,7.6000000000000005
2020-09-18,70,10.0,,0.1,7.0
2020-09-19,70,10.0,,0.1,7.0
2020-09-20,71,9.0,False,0.09,6.39
2020-09-21,76,9.0,,0.09,6.84
2020-09-22,70,9.0,,0.09,6.3
2020-09-23,69,9.0,,0.09,6.21
2020-09-24,69,9.0,,0.09,6.21
2020-09-25,68,9.0,,0.09,6.12
2020-09-26,67,9.0,,0.09,6.029999999999999
2020-09-27,61,8.0,False,0.08,4.88
2020-09-28,68,8.0,,0.08,5.44
2020-09-29,65,8.0,,0.08,5.2
2020-09-30,63,8.0,,0.08,5.04
2020-10-01,49,8.0,,0.08,3.92
2020-10-02,48,8.0,,0.08,3.84
2020-10-03,45,8.0,,0.08,3.6
2020-10-04,44,8.0,False,0.08,3.52
2020-10-05,47,8.0,,0.08,3.7600000000000002
2020-10-06,47,8.0,,0.08,3.7600000000000002
2020-10-07,46,8.0,,0.08,3.68
2020-10-08,48,8.0,,0.08,3.84
2020-10-09,50,8.0,,0.08,4.0
2020-10-10,52,8.0,,0.08,4.16
2020-10-11,49,9.0,False,0.09,4.41
2020-10-12,53,9.0,,0.09,4.77
2020-10-13,54,9.0,,0.09,4.859999999999999
2020-10-14,51,9.0,,0.09,4.59
2020-10-15,53,9.0,,0.09,4.77
2020-10-16,52,9.0,,0.09,4.68
2020-10-17,48,9.0,,0.09,4.32
2020-10-18,49,12.0,False,0.12,5.88
2020-10-19,55,12.0,,0.12,6.6
2020-10-20,60,12.0,,0.12,7.199999999999999
2020-10-21,97,12.0,,0.12,11.639999999999999
2020-10-22,100,12.0,,0.12,12.0
2020-10-23,81,12.0,,0.12,9.719999999999999
2020-10-24,68,12.0,,0.12,8.16
2020-10-25,67,13.0,False,0.13,8.71
2020-10-26,74,13.0,,0.13,9.620000000000001
2020-10-27,88,13.0,,0.13,11.440000000000001
2020-10-28,85,13.0,,0.13,11.05
2020-10-29,74,13.0,,0.13,9.620000000000001
2020-10-30,71,13.0,,0.13,9.23
2020-10-31,72,13.0,,0.13,9.36
2020-11-01,40,15.0,False,0.15,6.0
2020-11-02,44,15.0,,0.15,6.6
2020-11-03,39,15.0,,0.15,5.85
2020-11-04,39,15.0,,0.15,5.85
2020-11-05,61,15.0,,0.15,9.15
2020-11-06,66,15.0,,0.15,9.9
2020-11-07,51,15.0,,0.15,7.6499999999999995
2020-11-08,51,15.0,False,0.15,7.6499999999999995
2020-11-09,54,15.0,,0.15,8.1
2020-11-10,48,15.0,,0.15,7.199999999999999
2020-11-11,50,15.0,,0.15,7.5
2020-11-12,54,15.0,,0.15,8.1
2020-11-13,56,15.0,,0.15,8.4
2020-11-14,48,15.0,,0.15,7.199999999999999
2020-11-15,43,21.0,False,0.21,9.03
2020-11-16,56,21.0,,0.21,11.76
2020-11-17,76,21.0,,0.21,15.959999999999999
2020-11-18,92,21.0,,0.21,19.32
2020-11-19,71,21.0,,0.21,14.91
2020-11-20,77,21.0,,0.21,16.169999999999998
2020-11-21,78,21.0,,0.21,16.38
2020-11-22,69,24.0,False,0.24,16.56
2020-11-23,69,24.0,,0.24,16.56
2020-11-24,91,24.0,,0.24,21.84
2020-11-25,88,24.0,,0.24,21.119999999999997
2020-11-26,100,24.0,,0.24,24.0
2020-11-27,71,24.0,,0.24,17.04
2020-11-28,63,24.0,,0.24,15.12
2020-11-29,57,20.0,False,0.2,11.4
2020-11-30,84,20.0,,0.2,16.8
2020-12-01,53,20.0,,0.2,10.600000000000001
2020-12-02,40,20.0,,0.2,8.0
2020-12-03,38,20.0,,0.2,7.6000000000000005
2020-12-04,38,20.0,,0.2,7.6000000000000005
2020-12-05,33,20.0,,0.2,6.6000000000000005
2020-12-06,32,16.0,False,0.16,5.12
2020-12-07,34,16.0,,0.16,5.44
2020-12-08,33,16.0,,0.16,5.28
2020-12-09,35,16.0,,0.16,5.6000000000000005
2020-12-10,33,16.0,,0.16,5.28
2020-12-11,32,16.0,,0.16,5.12
2020-12-12,28,16.0,,0.16,4.48
2020-12-13,32,28.0,False,0.28,8.96
2020-12-14,31,28.0,,0.28,8.680000000000001
2020-12-15,32,28.0,,0.28,8.96
2020-12-16,61,28.0,,0.28,17.080000000000002
2020-12-17,100,28.0,,0.28,28.000000000000004
2020-12-18,65,28.0,,0.28,18.200000000000003
2020-12-19,58,28.0,,0.28,16.240000000000002
2020-12-20,55,27.0,False,0.27,14.850000000000001
2020-12-21,61,27.0,,0.27,16.470000000000002
2020-12-22,50,27.0,,0.27,13.5
2020-12-23,49,27.0,,0.27,13.23
2020-12-24,43,27.0,,0.27,11.610000000000001
2020-12-25,52,27.0,,0.27,14.040000000000001
2020-12-26,70,27.0,,0.27,18.900000000000002
2020-12-27,98,40.0,False,0.4,39.2
2020-12-28,78,40.0,,0.4,31.200000000000003
2020-12-29,65,40.0,,0.4,26.0
2020-12-30,77,40.0,,0.4,30.8
2020-12-31,75,40.0,,0.4,30.0
2021-01-01,39,40.0,,0.4,15.600000000000001
2021-01-02,66,40.0,,0.4,26.400000000000002
2021-01-03,77,66.0,False,0.66,50.82
2021-01-04,65,66.0,,0.66,42.9
2021-01-05,55,66.0,,0.66,36.300000000000004
2021-01-06,60,66.0,,0.66,39.6
2021-01-07,88,66.0,,0.66,58.080000000000005
2021-01-08,87,66.0,,0.66,57.42
2021-01-09,71,66.0,,0.66,46.86
2021-01-10,67,62.0,False,0.62,41.54
2021-01-11,100,62.0,,0.62,62.0
2021-01-12,79,62.0,,0.62,48.98
2021-01-13,63,62.0,,0.62,39.06
2021-01-14,67,62.0,,0.62,41.54
2021-01-15,57,62.0,,0.62,35.339999999999996
2021-01-16,49,62.0,,0.62,30.38
2021-01-17,45,42.0,False,0.42,18.9
2021-01-18,41,42.0,,0.42,17.22
2021-01-19,42,42.0,,0.42,17.64
2021-01-20,42,42.0,,0.42,17.64
2021-01-21,51,42.0,,0.42,21.419999999999998
2021-01-22,53,42.0,,0.42,22.259999999999998
2021-01-23,38,42.0,,0.42,15.959999999999999
2021-01-24,35,39.0,False,0.39,13.65
2021-01-25,37,39.0,,0.39,14.43
2021-01-26,36,39.0,,0.39,14.040000000000001
2021-01-27,39,39.0,,0.39,15.21
2021-01-28,39,39.0,,0.39,15.21
2021-01-29,65,39.0,,0.39,25.35
2021-01-30,44,39.0,,0.39,17.16
2021-01-31,36,34.0,False,0.34,12.24
2021-02-01,38,34.0,,0.34,12.920000000000002
2021-02-02,35,34.0,,0.34,11.9
2021-02-03,37,34.0,,0.34,12.58
2021-02-04,39,34.0,,0.34,13.260000000000002
2021-02-05,34,34.0,,0.34,11.56
2021-02-06,43,34.0,,0.34,14.620000000000001
2021-02-07,39,59.0,False,0.59,23.009999999999998
2021-02-08,87,59.0,,0.59,51.33
2021-02-09,100,59.0,,0.59,59.0
2021-02-10,66,59.0,,0.59,38.94
2021-02-11,61,59.0,,0.59,35.989999999999995
2021-02-12,56,59.0,,0.59,33.04
2021-02-13,48,59.0,,0.59,28.32
2021-02-14,55,55.0,False,0.55,30.250000000000004
2021-02-15,53,55.0,,0.55,29.150000000000002
2021-02-16,61,55.0,,0.55,33.550000000000004
2021-02-17,69,55.0,,0.55,37.95
2021-02-18,62,55.0,,0.55,34.1
2021-02-19,69,55.0,,0.55,37.95
2021-02-20,79,55.0,,0.55,43.45
2021-02-21,67,62.0,False,0.62,41.54
2021-02-22,77,62.0,,0.62,47.74
2021-02-23,99,62.0,,0.62,61.38
2021-02-24,74,62.0,,0.62,45.88
2021-02-25,57,62.0,,0.62,35.339999999999996
2021-02-26,60,62.0,,0.62,37.2
2021-02-27,49,62.0,,0.62,30.38
2021-02-28,52,40.0,False,0.4,20.8
2021-03-01,90,40.0,,0.4,36.0
2021-03-02,82,40.0,,0.4,32.800000000000004
2021-03-03,81,40.0,,0.4,32.4
2021-03-04,71,40.0,,0.4,28.400000000000002
2021-03-05,74,40.0,,0.4,29.6
2021-03-06,63,40.0,,0.4,25.200000000000003
2021-03-07,68,42.0,False,0.42,28.56
2021-03-08,72,42.0,,0.42,30.24
2021-03-09,85,42.0,,0.42,35.699999999999996
2021-03-10,82,42.0,,0.42,34.44
2021-03-11,78,42.0,,0.42,32.76
2021-03-12,76,42.0,,0.42,31.919999999999998
2021-03-13,100,42.0,,0.42,42.0
2021-03-14,95,41.0,False,0.41,38.949999999999996
2021-03-15,88,41.0,,0.41,36.08
2021-03-16,80,41.0,,0.41,32.8
2021-03-17,75,41.0,,0.41,30.749999999999996
2021-03-18,74,41.0,,0.41,30.34
2021-03-19,69,41.0,,0.41,28.29
2021-03-20,62,41.0,,0.41,25.419999999999998
2021-03-21,65,36.0,False,0.36,23.4
2021-03-22,69,36.0,,0.36,24.84
2021-03-23,69,36.0,,0.36,24.84
2021-03-24,79,36.0,,0.36,28.439999999999998
2021-03-25,82,36.0,,0.36,29.52
2021-03-26,69,36.0,,0.36,24.84
2021-03-27,65,36.0,,0.36,23.4
2021-03-28,62,35.0,False,0.35,21.7
2021-03-29,67,35.0,,0.35,23.45
2021-03-30,70,35.0,,0.35,24.5
2021-03-31,72,35.0,,0.35,25.2
2021-04-01,57,35.0,,0.35,19.95
2021-04-02,52,35.0,,0.35,18.2
2021-04-03,48,35.0,,0.35,16.799999999999997
2021-04-04,46,33.0,False,0.33,15.180000000000001
2021-04-05,50,33.0,,0.33,16.5
2021-04-06,46,33.0,,0.33,15.180000000000001
2021-04-07,49,33.0,,0.33,16.17
2021-04-08,45,33.0,,0.33,14.850000000000001
2021-04-09,45,33.0,,0.33,14.850000000000001
2021-04-10,50,33.0,,0.33,16.5
2021-04-11,47,40.0,False,0.4,18.8
2021-04-12,49,40.0,,0.4,19.6
2021-04-13,66,40.0,,0.4,26.400000000000002
2021-04-14,73,40.0,,0.4,29.200000000000003
2021-04-15,60,40.0,,0.4,24.0
2021-04-16,66,40.0,,0.4,26.400000000000002
2021-04-17,56,40.0,,0.4,22.400000000000002
2021-04-18,95,52.0,False,0.52,49.4
2021-04-19,79,52.0,,0.52,41.08
2021-04-20,67,52.0,,0.52,34.84
2021-04-21,57,52.0,,0.52,29.64
2021-04-22,66,52.0,,0.52,34.32
2021-04-23,100,52.0,,0.52,52.0
2021-04-24,71,52.0,,0.52,36.92
2021-04-25,63,39.0,False,0.39,24.57
2021-04-26,68,39.0,,0.39,26.52
2021-04-27,61,39.0,,0.39,23.79
2021-04-28,54,39.0,,0.39,21.060000000000002
2021-04-29,52,39.0,,0.39,20.28
2021-04-30,49,39.0,,0.39,19.11
2021-05-01,26,39.0,,0.39,10.14
2021-05-02,24,33.0,False,0.33,7.92
2021-05-03,27,33.0,,0.33,8.91
2021-05-04,28,33.0,,0.33,9.24
2021-05-05,29,33.0,,0.33,9.57
2021-05-06,27,33.0,,0.33,8.91
2021-05-07,25,33.0,,0.33,8.25
2021-05-08,25,33.0,,0.33,8.25
2021-05-09,25,45.0,False,0.45,11.25
2021-05-10,28,45.0,,0.45,12.6
2021-05-11,26,45.0,,0.45,11.700000000000001
2021-05-12,27,45.0,,0.45,12.15
2021-05-13,67,45.0,,0.45,30.150000000000002
2021-05-14,41,45.0,,0.45,18.45
2021-05-15,33,45.0,,0.45,14.85
2021-05-16,36,74.0,False,0.74,26.64
2021-05-17,50,74.0,,0.74,37.0
2021-05-18,41,74.0,,0.74,30.34
2021-05-19,100,74.0,,0.74,74.0
2021-05-20,76,74.0,,0.74,56.24
2021-05-21,60,74.0,,0.74,44.4
2021-05-22,51,74.0,,0.74,37.74
2021-05-23,61,57.0,False,0.57,34.769999999999996
2021-05-24,55,57.0,,0.57,31.349999999999998
2021-05-25,45,57.0,,0.57,25.65
2021-05-26,38,57.0,,0.57,21.659999999999997
2021-05-27,33,57.0,,0.57,18.81
2021-05-28,35,57.0,,0.57,19.95
2021-05-29,34,57.0,,0.57,19.38
2021-05-30,34,40.0,False,0.4,13.600000000000001
2021-05-31,32,40.0,,0.4,12.8
2021-06-01,69,40.0,,0.4,27.6
2021-06-02,71,40.0,,0.4,28.400000000000002
2021-06-03,69,40.0,,0.4,27.6
2021-06-04,76,40.0,,0.4,30.400000000000002
2021-06-05,69,40.0,,0.4,27.6
2021-06-06,71,41.0,False,0.41,29.11
2021-06-07,70,41.0,,0.41,28.7
2021-06-08,98,41.0,,0.41,40.18
2021-06-09,84,41.0,,0.41,34.44
2021-06-10,78,41.0,,0.41,31.979999999999997
2021-06-11,63,41.0,,0.41,25.83
2021-06-12,56,41.0,,0.41,22.959999999999997
2021-06-13,57,31.0,False,0.31,17.669999999999998
2021-06-14,74,31.0,,0.31,22.94
2021-06-15,62,31.0,,0.31,19.22
2021-06-16,56,31.0,,0.31,17.36
2021-06-17,52,31.0,,0.31,16.12
2021-06-18,53,31.0,,0.31,16.43
2021-06-19,47,31.0,,0.31,14.57
2021-06-20,51,38.0,False,0.38,19.38
2021-06-21,75,38.0,,0.38,28.5
2021-06-22,100,38.0,,0.38,38.0
2021-06-23,71,38.0,,0.38,26.98
2021-06-24,61,38.0,,0.38,23.18
2021-06-25,61,38.0,,0.38,23.18
2021-06-26,59,38.0,,0.38,22.42
2021-06-27,54,27.0,False,0.27,14.580000000000002
2021-06-28,56,27.0,,0.27,15.120000000000001
2021-06-29,55,27.0,,0.27,14.850000000000001
2021-06-30,50,27.0,,0.27,13.5
2021-07-01,59,27.0,,0.27,15.930000000000001
2021-07-02,56,27.0,,0.27,15.120000000000001
2021-07-03,53,27.0,,0.27,14.31
2021-07-04,55,23.0,False,0.23,12.65
2021-07-05,58,23.0,,0.23,13.34
2021-07-06,53,23.0,,0.23,12.190000000000001
2021-07-07,52,23.0,,0.23,11.96
2021-07-08,57,23.0,,0.23,13.110000000000001
2021-07-09,54,23.0,,0.23,12.42
2021-07-10,47,23.0,,0.23,10.81
2021-07-11,44,22.0,False,0.22,9.68
2021-07-12,53,22.0,,0.22,11.66
2021-07-13,51,22.0,,0.22,11.22
2021-07-14,53,22.0,,0.22,11.66
2021-07-15,53,22.0,,0.22,11.66
2021-07-16,54,22.0,,0.22,11.88
2021-07-17,51,22.0,,0.22,11.22
2021-07-18,49,27.0,False,0.27,13.23
2021-07-19,58,27.0,,0.27,15.66
2021-07-20,77,27.0,,0.27,20.790000000000003
2021-07-21,68,27.0,,0.27,18.36
2021-07-22,59,27.0,,0.27,15.930000000000001
2021-07-23,53,27.0,,0.27,14.31
2021-07-24,54,27.0,,0.27,14.580000000000002
2021-07-25,55,28.0,False,0.28,15.400000000000002
2021-07-26,100,28.0,,0.28,28.000000000000004
2021-07-27,73,28.0,,0.28,20.44
2021-07-28,68,28.0,,0.28,19.040000000000003
2021-07-29,62,28.0,,0.28,17.360000000000003
2021-07-30,59,28.0,,0.28,16.520000000000003
2021-07-31,60,28.0,,0.28,16.8
2021-08-01,78,25.0,False,0.25,19.5
2021-08-02,77,25.0,,0.25,19.25
2021-08-03,73,25.0,,0.25,18.25
2021-08-04,70,25.0,,0.25,17.5
2021-08-05,74,25.0,,0.25,18.5
2021-08-06,82,25.0,,0.25,20.5
2021-08-07,84,25.0,,0.25,21.0
2021-08-08,88,29.0,False,0.29,25.52
2021-08-09,100,29.0,,0.29,28.999999999999996
2021-08-10,87,29.0,,0.29,25.229999999999997
2021-08-11,94,29.0,,0.29,27.259999999999998
2021-08-12,89,29.0,,0.29,25.81
2021-08-13,85,29.0,,0.29,24.65
2021-08-14,79,29.0,,0.29,22.91
2021-08-15,77,25.0,False,0.25,19.25
2021-08-16,81,25.0,,0.25,20.25
2021-08-17,79,25.0,,0.25,19.75
2021-08-18,73,25.0,,0.25,18.25
2021-08-19,69,25.0,,0.25,17.25
2021-08-20,83,25.0,,0.25,20.75
2021-08-21,81,25.0,,0.25,20.25
2021-08-22,76,25.0,False,0.25,19.0
2021-08-23,97,25.0,,0.25,24.25
2021-08-24,86,25.0,,0.25,21.5
2021-08-25,81,25.0,,0.25,20.25
2021-08-26,78,25.0,,0.25,19.5
2021-08-27,68,25.0,,0.25,17.0
2021-08-28,65,25.0,,0.25,16.25
2021-08-29,63,22.0,False,0.22,13.86
2021-08-30,69,22.0,,0.22,15.18
2021-08-31,66,22.0,,0.22,14.52
2021-09-01,48,22.0,,0.22,10.56
2021-09-02,56,22.0,,0.22,12.32
2021-09-03,52,22.0,,0.22,11.44
2021-09-04,50,22.0,,0.22,11.0
2021-09-05,47,28.0,False,0.28,13.160000000000002
2021-09-06,57,28.0,,0.28,15.96
2021-09-07,100,28.0,,0.28,28.000000000000004
2021-09-08,92,28.0,,0.28,25.76
2021-09-09,65,28.0,,0.28,18.200000000000003
2021-09-10,60,28.0,,0.28,16.8
2021-09-11,50,28.0,,0.28,14.000000000000002
2021-09-12,46,22.0,False,0.22,10.12
2021-09-13,55,22.0,,0.22,12.1
2021-09-14,49,22.0,,0.22,10.78
2021-09-15,52,22.0,,0.22,11.44
2021-09-16,49,22.0,,0.22,10.78
2021-09-17,49,22.0,,0.22,10.78
2021-09-18,47,22.0,,0.22,10.34
2021-09-19,42,26.0,False,0.26,10.92
2021-09-20,65,26.0,,0.26,16.900000000000002
2021-09-21,66,26.0,,0.26,17.16
2021-09-22,60,26.0,,0.26,15.600000000000001
2021-09-23,55,26.0,,0.26,14.3
2021-09-24,77,26.0,,0.26,20.02
2021-09-25,60,26.0,,0.26,15.600000000000001
2021-09-26,50,21.0,False,0.21,10.5
2021-09-27,51,21.0,,0.21,10.709999999999999
2021-09-28,50,21.0,,0.21,10.5
2021-09-29,49,21.0,,0.21,10.29
2021-09-30,47,21.0,,0.21,9.87
